userId,name,email,createdAt
1,Jamie Davis,jamie.davis@gmail.com,2024/09/19
2,Morgan Garcia,morgan.garcia@gmail.com,2024/09/23
3,Cameron Walker,cameron.walker@gmail.com,2025/05/25
4,Jordan Lee,jordan.lee@gmail.com,2025/01/26
5,Morgan Lee,morgan.lee@gmail.com,2024/12/22
6,Riley Johnson,riley.johnson@gmail.com,2025/05/09
7,Jordan Clark,jordan.clark@gmail.com,2024/12/02
8,Morgan Johnson,morgan.johnson@gmail.com,2025/01/04
9,Cameron Clark,cameron.clark@gmail.com,2025/07/24
10,Cameron Johnson,cameron.johnson@gmail.com,2025/06/12
11,Alex Lewis,alex.lewis@gmail.com,2024/09/28
12,Jamie Martinez,jamie.martinez@gmail.com,2025/04/11
13,Casey Walker,casey.walker@gmail.com,2024/12/16
14,Sam Smith,sam.smith@gmail.com,2024/10/09
15,Jordan Smith,jordan.smith@gmail.com,2025/07/23
16,Taylor Johnson,taylor.johnson@gmail.com,2025/05/05
17,Sam Lewis,sam.lewis@gmail.com,2024/11/24
18,Quinn Lewis,quinn.lewis@gmail.com,2025/07/22
19,Casey Lee,casey.lee@gmail.com,2025/05/15
20,Jamie Johnson,jamie.johnson@gmail.com,2025/07/16
21,Casey Brown,casey.brown@gmail.com,2025/06/20
22,Riley Davis,riley.davis@gmail.com,2024/09/24
23,Riley Martinez,riley.martinez@gmail.com,2024/10/29
24,Taylor Lewis,taylor.lewis@gmail.com,2024/11/03
25,Jordan Lewis,jordan.lewis@gmail.com,2025/01/18
26,Riley Smith,riley.smith@gmail.com,2025/01/02
27,Sam Davis,sam.davis@gmail.com,2025/07/06
28,Sam Clark,sam.clark@gmail.com,2025/05/14
29,Casey Davis,casey.davis@gmail.com,2025/01/16
30,Alex Davis,alex.davis@gmail.com,2024/11/07
31,Casey Lee,casey.lee@gmail.com,2025/02/23
32,Riley Garcia,riley.garcia@gmail.com,2025/07/31
33,Taylor Walker,taylor.walker@gmail.com,2025/04/18
34,Jordan Johnson,jordan.johnson@gmail.com,2025/01/08
35,Cameron Smith,cameron.smith@gmail.com,2025/06/15
36,Morgan Martinez,morgan.martinez@gmail.com,2024/10/15
37,Taylor Clark,taylor.clark@gmail.com,2024/12/17
38,Jordan Garcia,jordan.garcia@gmail.com,2025/01/28
39,Jordan Walker,jordan.walker@gmail.com,2025/01/09
40,Cameron Smith,cameron.smith@gmail.com,2025/07/02
41,Morgan Johnson,morgan.johnson@gmail.com,2025/01/17
42,Sam Smith,sam.smith@gmail.com,2025/08/20
43,Jamie Garcia,jamie.garcia@gmail.com,2025/08/12
44,Jamie Clark,jamie.clark@gmail.com,2025/06/04
45,Morgan Lewis,morgan.lewis@gmail.com,2024/09/23
46,Quinn Davis,quinn.davis@gmail.com,2024/09/02
47,Quinn Lewis,quinn.lewis@gmail.com,2025/06/04
48,Alex Lee,alex.lee@gmail.com,2024/11/22
49,Casey Lee,casey.lee@gmail.com,2025/02/17
50,Riley Garcia,riley.garcia@gmail.com,2025/03/24
51,Sam Garcia,sam.garcia@gmail.com,2025/05/09
52,Morgan Clark,morgan.clark@gmail.com,2024/10/21
53,Alex Brown,alex.brown@gmail.com,2025/04/17
54,Jordan Brown,jordan.brown@gmail.com,2024/09/12
55,Morgan Davis,morgan.davis@gmail.com,2025/03/18
56,Taylor Lewis,taylor.lewis@gmail.com,2025/08/12
57,Taylor Smith,taylor.smith@gmail.com,2025/02/27
58,Quinn Walker,quinn.walker@gmail.com,2025/01/01
59,Sam Martinez,sam.martinez@gmail.com,2025/01/06
60,Sam Lee,sam.lee@gmail.com,2025/07/16
61,Riley Garcia,riley.garcia@gmail.com,2025/01/23
62,Jordan Martinez,jordan.martinez@gmail.com,2025/08/03
63,Jordan Garcia,jordan.garcia@gmail.com,2025/07/14
64,Riley Lee,riley.lee@gmail.com,2025/06/04
65,Jamie Clark,jamie.clark@gmail.com,2025/01/27
66,Alex Brown,alex.brown@gmail.com,2025/03/26
67,Jamie Johnson,jamie.johnson@gmail.com,2024/11/07
68,Alex Martinez,alex.martinez@gmail.com,2025/04/08
69,Sam Clark,sam.clark@gmail.com,2024/12/27
70,Cameron Smith,cameron.smith@gmail.com,2025/01/07
71,Sam Clark,sam.clark@gmail.com,2025/03/19
72,Jamie Lewis,jamie.lewis@gmail.com,2025/01/22
73,Jordan Walker,jordan.walker@gmail.com,2025/04/08
74,Jamie Smith,jamie.smith@gmail.com,2025/04/16
75,Cameron Brown,cameron.brown@gmail.com,2024/12/22
76,Casey Lewis,casey.lewis@gmail.com,2025/04/01
77,Casey Garcia,casey.garcia@gmail.com,2025/04/12
78,Sam Walker,sam.walker@gmail.com,2024/10/03
79,Casey Garcia,casey.garcia@gmail.com,2025/05/04
80,Morgan Garcia,morgan.garcia@gmail.com,2024/12/13
81,Cameron Martinez,cameron.martinez@gmail.com,2024/12/12
82,Alex Smith,alex.smith@gmail.com,2025/04/12
83,Jamie Johnson,jamie.johnson@gmail.com,2025/02/22
84,Sam Clark,sam.clark@gmail.com,2025/07/22
85,Casey Lee,casey.lee@gmail.com,2025/01/24
86,Jordan Lewis,jordan.lewis@gmail.com,2024/09/16
87,Casey Martinez,casey.martinez@gmail.com,2024/11/13
88,Sam Martinez,sam.martinez@gmail.com,2024/12/16
89,Quinn Davis,quinn.davis@gmail.com,2025/05/29
90,Quinn Martinez,quinn.martinez@gmail.com,2025/06/22
91,Jamie Walker,jamie.walker@gmail.com,2024/09/27
92,Taylor Garcia,taylor.garcia@gmail.com,2025/05/19
93,Cameron Martinez,cameron.martinez@gmail.com,2024/12/26
94,Taylor Garcia,taylor.garcia@gmail.com,2025/04/28
95,Sam Martinez,sam.martinez@gmail.com,2025/04/09
96,Casey Martinez,casey.martinez@gmail.com,2025/01/06
97,Quinn Davis,quinn.davis@gmail.com,2025/03/29
98,Casey Davis,casey.davis@gmail.com,2024/09/15
99,Cameron Davis,cameron.davis@gmail.com,2024/11/20
100,Quinn Johnson,quinn.johnson@gmail.com,2025/04/25
101,Jamie Smith,jamie.smith@gmail.com,2025/03/16
102,Cameron Johnson,cameron.johnson@gmail.com,2025/04/13
103,Quinn Martinez,quinn.martinez@gmail.com,2024/10/12
104,Quinn Smith,quinn.smith@gmail.com,2025/08/09
105,Quinn Lee,quinn.lee@gmail.com,2025/06/22
106,Morgan Davis,morgan.davis@gmail.com,2025/01/13
107,Taylor Walker,taylor.walker@gmail.com,2024/11/21
108,Morgan Walker,morgan.walker@gmail.com,2024/11/25
109,Morgan Lewis,morgan.lewis@gmail.com,2025/02/09
110,Jordan Lewis,jordan.lewis@gmail.com,2025/06/18
111,Riley Smith,riley.smith@gmail.com,2024/11/30
112,Alex Walker,alex.walker@gmail.com,2025/04/25
113,Morgan Johnson,morgan.johnson@gmail.com,2024/12/11
114,Riley Garcia,riley.garcia@gmail.com,2025/06/19
115,Jamie Brown,jamie.brown@gmail.com,2024/09/21
116,Casey Lee,casey.lee@gmail.com,2024/12/22
117,Alex Martinez,alex.martinez@gmail.com,2024/10/31
118,Sam Smith,sam.smith@gmail.com,2024/10/17
119,Alex Brown,alex.brown@gmail.com,2025/07/16
120,Sam Walker,sam.walker@gmail.com,2025/04/26
121,Morgan Davis,morgan.davis@gmail.com,2025/01/06
122,Riley Walker,riley.walker@gmail.com,2025/06/08
123,Riley Johnson,riley.johnson@gmail.com,2025/08/19
124,Jordan Smith,jordan.smith@gmail.com,2025/03/11
125,Taylor Johnson,taylor.johnson@gmail.com,2024/08/27
126,Casey Lewis,casey.lewis@gmail.com,2024/09/18
127,Riley Lewis,riley.lewis@gmail.com,2025/01/27
128,Casey Johnson,casey.johnson@gmail.com,2024/09/22
129,Cameron Johnson,cameron.johnson@gmail.com,2025/03/21
130,Alex Martinez,alex.martinez@gmail.com,2025/02/28
131,Jordan Garcia,jordan.garcia@gmail.com,2025/05/30
132,Quinn Garcia,quinn.garcia@gmail.com,2025/06/22
133,Riley Clark,riley.clark@gmail.com,2024/11/08
134,Casey Martinez,casey.martinez@gmail.com,2025/06/28
135,Sam Martinez,sam.martinez@gmail.com,2024/11/02
136,Morgan Lee,morgan.lee@gmail.com,2024/10/28
137,Taylor Lewis,taylor.lewis@gmail.com,2024/11/18
138,Jordan Smith,jordan.smith@gmail.com,2025/05/10
139,Taylor Martinez,taylor.martinez@gmail.com,2024/09/20
140,Sam Clark,sam.clark@gmail.com,2024/11/17
141,Morgan Lewis,morgan.lewis@gmail.com,2025/08/17
142,Morgan Clark,morgan.clark@gmail.com,2024/10/13
143,Jamie Lee,jamie.lee@gmail.com,2025/04/16
144,Jordan Lee,jordan.lee@gmail.com,2025/03/04
145,Quinn Brown,quinn.brown@gmail.com,2024/11/14
146,Alex Smith,alex.smith@gmail.com,2024/11/13
147,Jordan Davis,jordan.davis@gmail.com,2024/12/08
148,Jamie Lewis,jamie.lewis@gmail.com,2025/08/10
149,Taylor Brown,taylor.brown@gmail.com,2025/03/09
150,Sam Martinez,sam.martinez@gmail.com,2025/08/26
151,Casey Johnson,casey.johnson@gmail.com,2025/07/29
152,Quinn Smith,quinn.smith@gmail.com,2025/07/12
153,Cameron Brown,cameron.brown@gmail.com,2025/03/09
154,Taylor Davis,taylor.davis@gmail.com,2025/01/07
155,Alex Clark,alex.clark@gmail.com,2025/02/23
156,Alex Lee,alex.lee@gmail.com,2025/07/20
157,Casey Lewis,casey.lewis@gmail.com,2024/11/15
158,Taylor Clark,taylor.clark@gmail.com,2025/03/04
159,Sam Walker,sam.walker@gmail.com,2025/06/04
160,Taylor Davis,taylor.davis@gmail.com,2024/08/28
161,Morgan Johnson,morgan.johnson@gmail.com,2025/05/15
162,Cameron Brown,cameron.brown@gmail.com,2024/11/05
163,Alex Johnson,alex.johnson@gmail.com,2025/08/05
164,Taylor Martinez,taylor.martinez@gmail.com,2024/12/24
165,Morgan Walker,morgan.walker@gmail.com,2025/07/04
166,Jamie Clark,jamie.clark@gmail.com,2025/04/09
167,Quinn Davis,quinn.davis@gmail.com,2025/03/29
168,Sam Walker,sam.walker@gmail.com,2025/08/10
169,Riley Garcia,riley.garcia@gmail.com,2025/07/07
170,Sam Lewis,sam.lewis@gmail.com,2025/04/17
171,Morgan Brown,morgan.brown@gmail.com,2024/12/17
172,Cameron Martinez,cameron.martinez@gmail.com,2025/03/16
173,Quinn Brown,quinn.brown@gmail.com,2025/05/04
174,Taylor Martinez,taylor.martinez@gmail.com,2024/10/06
175,Jamie Johnson,jamie.johnson@gmail.com,2024/12/04
176,Cameron Martinez,cameron.martinez@gmail.com,2025/08/27
177,Cameron Martinez,cameron.martinez@gmail.com,2024/08/31
178,Jamie Martinez,jamie.martinez@gmail.com,2025/01/19
179,Taylor Garcia,taylor.garcia@gmail.com,2025/06/03
180,Sam Johnson,sam.johnson@gmail.com,2024/11/15
181,Cameron Smith,cameron.smith@gmail.com,2024/11/06
182,Taylor Davis,taylor.davis@gmail.com,2025/08/23
183,Sam Brown,sam.brown@gmail.com,2024/09/06
184,Jordan Smith,jordan.smith@gmail.com,2025/01/01
185,Alex Lee,alex.lee@gmail.com,2025/07/03
186,Jamie Smith,jamie.smith@gmail.com,2025/07/29
187,Cameron Lee,cameron.lee@gmail.com,2024/11/02
188,Quinn Clark,quinn.clark@gmail.com,2025/06/04
189,Cameron Clark,cameron.clark@gmail.com,2025/07/08
190,Casey Davis,casey.davis@gmail.com,2025/05/21
191,Cameron Davis,cameron.davis@gmail.com,2025/01/24
192,Jamie Lee,jamie.lee@gmail.com,2025/03/31
193,Riley Davis,riley.davis@gmail.com,2025/02/16
194,Riley Johnson,riley.johnson@gmail.com,2025/03/06
195,Casey Walker,casey.walker@gmail.com,2024/09/18
196,Casey Lewis,casey.lewis@gmail.com,2024/12/06
197,Jamie Lewis,jamie.lewis@gmail.com,2025/03/29
198,Sam Johnson,sam.johnson@gmail.com,2025/07/10
199,Quinn Smith,quinn.smith@gmail.com,2025/06/17
200,Casey Johnson,casey.johnson@gmail.com,2024/09/08
